koc_id,high_or_low,cat,follower_count,anxiety_score,view,like,collect,comments,share,is_commercial,quote,quote_video,video_cpe,video_cpm,quote_post,post_cpe,post_cpm
LXSJ_33,low,budy_building,75200,0,"3,325",198,32,31,4,0,"视频报价历史报价
达人报价
1.0w
CPE
37.63
CPM
2695.24
图文报价历史报价
达人报价
8,000
CPE
17.17
CPM
1128.19",10000,37.63,2695.24,8000,17.17,1128.19
LXSJ_33,low,budy_building,75200,1,"7,091",345,15,105,11,0,,,,,,,
LXSJ_33,low,budy_building,75200,1,"4,252",247,53,41,3,0,,,,,,,
LXSJ_33,low,budy_building,75200,3,"3,743",125,26,74,3,1,,,,,,,
LXSJ_33,low,budy_building,75200,3,"4,099",208,27,52,7,1,,,,,,,
LXSJ_33,low,budy_building,75200,1,"3,017",98,52,39,9,0,,,,,,,
LXSJ_33,low,budy_building,75200,1,"7,091",345,15,105,24,0,,,,,,,
LXSJ_33,low,budy_building,75200,0,"4,252",247,53,54,9,0,,,,,,,
LXSJ_33,low,budy_building,75200,3,"3,743",109,27,69,8,1,,,,,,,
LXSJ_33,low,budy_building,75200,3,"4,099",218,31,48,7,1,,,,,,,
420496627,low,budy_building,50700,3,474,19,0,6,3,0,"视频报价历史报价
达人报价
7,000
CPE
0.11
CPM
9.07
图文报价历史报价
达人报价
4,500
CPE
9.72
CPM
828.42",7000,0.11,9.07,4500,9.72,828.42
420496627,low,budy_building,50700,3,"1,445",119,6,5,1,1,,,,,,,
420496627,low,budy_building,50700,1,"7,540",221,12,42,111,0,,,,,,,
420496627,low,budy_building,50700,0,460.9w,36.3w,"8,927","4,163",2.0w,0,,,,,,,
420496627,low,budy_building,50700,0,"6,642",300,281,11,26,0,,,,,,,
420496627,low,budy_building,50700,3,"5,432",424,29,10,16,1,,,,,,,
420496627,low,budy_building,50700,1,"4,886",408,19,12,6,0,,,,,,,
420496627,low,budy_building,50700,0,"6,113",300,281,11,26,0,,,,,,,
420496627,low,budy_building,50700,3,"5,032",386,69,27,16,1,,,,,,,
420496627,low,budy_building,50700,1,986,208,11,12,4,0,,,,,,,
FitMoMo,low,budy_building,321600,1,"9,849",370,539,17,31,0,"视频报价历史报价
达人报价
1.8w
CPE
21.90
CPM
1453.75
图文报价历史报价
达人报价
9,000
CPE
0.00
CPM
0.00",1.8w 21.90 1453.75 9000 0.00 0.00,,,,,
FitMoMo,low,budy_building,220000,0,2.7w,786,"1,513",45,156,1,,,,,,,
FitMoMo,low,budy_building,220000,0,"4,067",248,12,15,28,0,,,,,,,
FitMoMo,low,budy_building,220000,1,"4,502",169,169,3,36,0,,,,,,,
FitMoMo,low,budy_building,220000,3,5.8w,"1,619","1,329",38,814,1,,,,,,,
FitMoMo,low,budy_building,220000,1,"3,044",149,110,5,13,0,,,,,,,
FitMoMo,low,budy_building,220000,1,"2,237",89,40,6,23,1,,,,,,,
FitMoMo,low,budy_building,220000,1,838,34,28,4,4,0,,,,,,,
FitMoMo,low,budy_building,220000,3,1.1w,523,117,44,99,0,,,,,,,
FitMoMo,low,budy_building,220000,1,"2,922",133,59,5,26,1,,,,,,,
YIX39868390,low,budy_building,69800,3,2.3w,885,870,9,185,0,"视频报价历史报价
达人报价
2,800
CPE
0.92
CPM
75.08
图文报价历史报价
达人报价
1,000
CPE
0.00
CPM
0.00",2800 0.92 75.08 1000 0.00 0.00,,,,,
YIX39868390,low,budy_building,69800,0,"1,201",72,26,0,7,0,,,,,,,
YIX39868390,low,budy_building,69800,1,1.8w,994,487,7,97,0,,,,,,,
YIX39868390,low,budy_building,69800,1,4.7w,"2,035","1,832",16,283,0,,,,,,,
YIX39868390,low,budy_building,69800,0,"3,681",182,160,6,9,0,,,,,,,
YIX39868390,low,budy_building,69800,3,"9,876",357,371,20,72,0,,,,,,,
YIX39868390,low,budy_building,69800,1,16.6w,1.2w,"3,296",402,255,0,,,,,,,
YIX39868390,low,budy_building,69800,1,20.4w,"8,280","7,279",153,"1,530",0,,,,,,,
YIX39868390,low,budy_building,69800,1,3.6w,"1,678","1,468",41,140,0,,,,,,,
YIX39868390,low,budy_building,69800,1,"6,075",251,178,11,48,0,,,,,,,
945924693,low,budy_building,85700,3,1.2w,715,275,32,,0,"视频报价历史报价
达人报价
980
CPE
0.23
CPM
26.81
图文报价历史报价
达人报价
714
CPE
0.66
CPM
70.31",980 0.23 26.81 714 0.66 70.31,,,,,
945924693,low,budy_building,85700,3,1.1w,744,261,21,24,0,,,,,,,
945924693,low,budy_building,85700,1,989,40,11,12,4,1,,,,,,,
945924693,low,budy_building,85700,1,"2,630",164,51,11,6,0,,,,,,,
945924693,low,budy_building,85700,1,"4,341",283,103,12,7,0,,,,,,,
945924693,low,budy_building,85700,3,4.0w,"2,624",447,71,197,0,,,,,,,
945924693,low,budy_building,85700,1,"6,538",378,144,39,10,0,,,,,,,
945924693,low,budy_building,85700,1,"3,832",255,96,10,4,0,,,,,,,
945924693,low,budy_building,85700,1,1.9w,"1,322",458,29,33,0,,,,,,,
945924693,low,budy_building,85700,3,25.3w,1.6w,"4,742",205,"1,128",1,,,,,,,
990226zr,low,budy_building,64000,3,766,51,7,4,2,0,,,,,,,
990226zr,low,budy_building,64000,1,"1,238",54,2,22,1,0,"视频报价历史报价
达人报价
1.0w
CPE
3.60
CPM
245.12
图文报价历史报价
达人报价
5,500
CPE
0.00
CPM
0.00",1.0w 3.60 245.12 5500 0.00 0.00,,,,,
990226zr,low,budy_building,64000,1,"2,127",96,29,19,10,0,,,,,,,
990226zr,low,budy_building,64000,3,2.5w,559,32,28,5,0,,,,,,,
990226zr,low,budy_building,64000,3,25.1w,"6,155","1,125",353,269,1,,,,,,,
990226zr,low,budy_building,64000,3,1.1w,351,43,29,17,0,,,,,,,
990226zr,low,budy_building,64000,1,6.6w,"2,804",514,17,68,0,,,,,,,
990226zr,low,budy_building,64000,1,6.1w,"6,483","6,086",60,560,1,,,,,,,
990226zr,low,budy_building,64000,0,"9,299",261,64,19,11,0,,,,,,,
990226zr,low,budy_building,64000,0,4.1w,"2,774","3,081",103,211,1,,,,,,,
GDDXCCB778,low,budy_building,51300,3,1.2w,"1,021",89,20,20,1,"达人报价
1,200
CPE
0.31
CPM
42.99
图文报价历史报价
达人报价
431
CPE
0.00
CPM
0.00",1200 0.31 42.99 431 0.00 0.00,,,,,
GDDXCCB778,low,budy_building,51300,3,"3,025",250,23,6,3,0,,,,,,,
GDDXCCB778,low,budy_building,51300,1,1.7w,"1,257",159,48,52,0,,,,,,,
GDDXCCB778,low,budy_building,51300,1,"5,131",389,33,17,11,0,,,,,,,
GDDXCCB778,low,budy_building,51300,3,"8,958","2,048",213,44,60,0,,,,,,,
GDDXCCB778,low,budy_building,51300,1,"5,770",427,46,17,15,0,,,,,,,
GDDXCCB778,low,budy_building,51300,1,1.0w,"2,654",254,43,59,1,,,,,,,
GDDXCCB778,low,budy_building,51300,1,18.1w,1.7w,"1,629",825,2042,0,,,,,,,
GDDXCCB778,low,budy_building,51300,1,19.3w,2.5w,"1,978","1,530",3815,0,,,,,,,
GDDXCCB778,low,budy_building,51300,3,"3,383",407,100,17,23,0,,,,,,,
186169177XHS,low,budy_building,98700,5,2.2w,"1,428",423,65,60,0,"视频报价历史报价
达人报价
6,804
CPE
0.00
CPM
0.00
图文报价历史报价
达人报价
6,100
CPE
1.74
CPM
135.35",6804 0.00 0.00 6100 1.74 135.35,,,,,
186169177XHS,low,budy_building,98700,3,1.3w,824,213,56,31,0,,,,,,,
186169177XHS,low,budy_building,98700,5,15.5w,"8,600","1,057","1,141",720,0,,,,,,,
186169177XHS,low,budy_building,98700,3,7.5w,"4,496",903,427,267,0,,,,,,,
186169177XHS,low,budy_building,98700,3,5.6w,"3,256",613,369,183,0,,,,,,,
186169177XHS,low,budy_building,98700,1,1.0w,"1,092",179,11,14,1,,,,,,,
186169177XHS,low,budy_building,98700,5,2.5w,"1,756",332,42,25,1,,,,,,,
186169177XHS,low,budy_building,98700,1,1.3w,"1,183",229,20,11,1,,,,,,,
186169177XHS,low,budy_building,98700,3,4.2w,"2,739",454,193,126,0,,,,,,,
186169177XHS,low,budy_building,98700,3,4.2w,"2,739",454,193,126,0,,,,,,,
wsxmm1217,low,budy_building,56900,3,"2,673",159,11,27,5,0,"视频报价历史报价
达人报价
6,800
CPE
3.52
CPM
262.89
图文报价历史报价
达人报价
4,000
CPE
0.00
CPM
0.00",6800 3.52 262.89 4000 0.00 0.00,,,,,
wsxmm1217,low,budy_building,56900,3,"5,584",412,67,21,6,1,,,,,,,
wsxmm1217,low,budy_building,56900,5,114,4,1,1,1,0,,,,,,,
wsxmm1217,low,budy_building,56900,1,377,20,0,6,0,0,,,,,,,
wsxmm1217,low,budy_building,56900,3,"2,048",161,21,3,4,0,,,,,,,
wsxmm1217,low,budy_building,56900,1,"4,686",345,45,10,14,0,,,,,,,
wsxmm1217,low,budy_building,56900,3,"8,492",667,103,10,15,0,,,,,,,
wsxmm1217,low,budy_building,56900,3,"7,619",491,76,25,35,0,,,,,,,
wsxmm1217,low,budy_building,56900,5,"3,221",218,29,10,13,0,,,,,,,
wsxmm1217,low,budy_building,56900,5,26.9w,1.7w,"2,633",629,"1,686",0,,,,,,,
GraceKwan73,low,budy_building,87500,3,"3,567",272,58,2,7,0,"视频报价历史报价
达人报价
8,000
CPE
2.47
CPM
228.70
图文报价历史报价
达人报价
8,000
CPE
0.00
CPM
0.00",8000 2.47 228.70 8000 0.00 0.00,,,,,
GraceKwan73,low,budy_building,87500,5,1.6w,"1,018",577,5,24,0,,,,,,,
GraceKwan73,low,budy_building,87500,3,"8,932",656,135,15,19,0,,,,,,,
GraceKwan73,low,budy_building,87500,3,1.1w,721,209,6,36,0,,,,,,,
GraceKwan73,low,budy_building,87500,5,"5,548",328,104,19,22,1,,,,,,,
GraceKwan73,low,budy_building,87500,3,1.4w,991,312,15,37,0,,,,,,,
GraceKwan73,low,budy_building,87500,3,15.9w,1.1w,"3,514",77,378,0,,,,,,,
GraceKwan73,low,budy_building,87500,5,1.6w,"1,018",577,5,24,1,,,,,,,
GraceKwan73,low,budy_building,87500,3,"8,932",656,135,15,19,0,,,,,,,
GraceKwan73,low,budy_building,87500,3,1.1w,721,209,6,36,0,,,,,,,
y02287777,low,make_up,29200,1,558,223,118,3,3,1,"视频报价历史报价
达人报价
4,000
CPE
0.00
CPM
0.00
图文报价历史报价
达人报价
2,500
CPE
8.22
CPM
1109.02",4000 0.00 0.00 2500 8.22 1109.02,,,,,
y02287777,low,make_up,29200,0,"4,312",338,106,15,4,0,,,,,,,
y02287777,low,make_up,29200,3,"1,197",65,21,1,0,0,,,,,,,
y02287777,low,make_up,29200,0,"2,950",244,67,19,0,1,,,,,,,
y02287777,low,make_up,29200,1,558,223,118,3,3,1,,,,,,,
y02287777,low,make_up,29200,0,"3,312",238,106,27,9,0,,,,,,,
y02287777,low,make_up,29200,3,"1,197",65,21,1,0,0,,,,,,,
y02287777,low,make_up,29200,0,"2,950",244,67,19,0,1,,,,,,,
y02287777,low,make_up,29200,1,2312,338,106,15,70,1,,,,,,,
y02287777,low,make_up,29200,0,1836,34,57,9,0,0,,,,,,,
2653955016,low,make_up,34300,0,"1,516",607,171,39,13,1,"视频报价历史报价
达人报价
1,000
CPE
0.00
CPM
0.00
图文报价历史报价
达人报价
3,200
CPE
3.84
CPM
575.58",1000 0.00 0.00 3200 3.84 575.58,,,,,
2653955016,low,make_up,34300,3,"2,112",618,180,11,16,1,,,,,,,
2653955016,low,make_up,34300,5,"3,249",578,198,47,13,1,,,,,,,
2653955016,low,make_up,34300,5,"6,585",701,67,38,31,1,,,,,,,
2653955016,low,make_up,34300,3,"9,994",748,214,31,30,1,,,,,,,
2653955016,low,make_up,34300,1,"9,874",666,242,13,51,1,,,,,,,
2653955016,low,make_up,34300,3,"7,378",788,202,19,33,1,,,,,,,
2653955016,low,make_up,34300,0,"6,192",697,188,28,22,1,,,,,,,
2653955016,low,make_up,34300,5,"1,192",297,123,23,22,1,,,,,,,
2653955016,low,make_up,34300,5,"2,193",284,145,34,56,1,,,,,,,
zz0412,low,make_up,55600,0,"6,300","1,104",434,34,45,1,"视频报价历史报价
达人报价
7,500
CPE
0.00
CPM
0.00
图文报价历史报价
达人报价
7,500
CPE
1.13
CPM
88.24",7500 0.00 0.00 7500 1.13 88.24,,,,,
zz0412,low,make_up,55600,3,3.6w,"2,313","1,257",296,75,1,,,,,,,
zz0412,low,make_up,55600,1,1.3w,363,231,43,10,1,,,,,,,
zz0412,low,make_up,55600,1,3.8w,"3,644","1,884",309,338,1,,,,,,,
zz0412,low,make_up,55600,0,2.9w,"1,184",565,78,103,1,,,,,,,
zz0412,low,make_up,55600,1,4.5w,"2,881","2,237",170,470,1,,,,,,,
zz0412,low,make_up,55600,3,"7,852",616,263,44,10,,,,,,,,
zz0412,low,make_up,55600,3,7.2w,"2,002","1,128",111,707,1,,,,,,,
zz0412,low,make_up,55600,0,2.6w,"2,958",978,84,127,1,,,,,,,
zz0412,low,make_up,55600,5,5.6w,"2,882","1,778",162,333,1,,,,,,,
AP_nora,low,make_up,96100,1,"2,578",227,32,33,6,0,,,,,,,
AP_nora,low,make_up,96100,3,"6,443",729,86,37,3,0,"视频报价历史报价
达人报价
6,000
CPE
1.80
CPM
414.39
图文报价历史报价
达人报价
4,600
CPE
0.94
CPM
273.04",6000 1.80 414.39 4600 0.94 273.04,,,,,
AP_nora,low,make_up,96100,1,"5,689",727,332,42,20,1,,,,,,,
AP_nora,low,make_up,96100,1,3.9w,1.3w,"2,176",104,138,1,,,,,,,
AP_nora,low,make_up,96100,3,"3,026",523,60,32,4,0,,,,,,,
AP_nora,low,make_up,96100,1,3.4w,"9,929",530,78,79,1,,,,,,,
AP_nora,low,make_up,96100,1,"3,720",369,34,36,7,0,,,,,,,
AP_nora,low,make_up,96100,3,"5,242",900,177,44,11,1,,,,,,,
AP_nora,low,make_up,96100,1,"2,493",340,62,30,4,0,,,,,,,
AP_nora,low,make_up,96100,3,"8,200","1,449",107,46,24,1,,,,,,,
117444355,low,make_up,94200,1,5.8w,"7,402","2,821",68,60,1,"视频报价历史报价
达人报价
1.8w
CPE
2.60
CPM
164.29
图文报价历史报价
达人报价
1.2w
CPE
0.00
CPM
0.00",1.8w 2.60 164.29 1.2w 0.00 0.00,,,,,
117444355,low,make_up,94200,1,30.5w,"5,555","2,742",30,361,1,,,,,,,
117444355,low,make_up,94200,1,"1,365",90,46,1,1,1,,,,,,,
117444355,low,make_up,94200,1,"1,391",78,44,3,4,0,,,,,,,
117444355,low,make_up,94200,3,990,56,26,7,0,0,,,,,,,
117444355,low,make_up,94200,1,25.9w,"5,285","2,632",103,371,0,,,,,,,
117444355,low,make_up,94200,3,15.7w,"5,134","3,517",79,239,0,,,,,,,
117444355,low,make_up,94200,1,5.0w,"2,086",880,45,25,1,,,,,,,
117444355,low,make_up,94200,1,7.3w,"1,711",355,49,12,1,,,,,,,
117444355,low,make_up,94200,1,39.5w,2.3w,"4,837",64,90,1,,,,,,,
262812264,low,make_up,77100,3,1.1w,653,397,18,14,0,"视频报价历史报价
达人报价
7,500
CPE
1.26
CPM
48.63
图文报价历史报价
达人报价
6,000
CPE
0.00
CPM
0.00",7500 1.26 48.63 6000 0.00 0.00,,,,,
262812264,low,make_up,77100,1,"2,034",155,24,5,3,1,,,,,,,
262812264,low,make_up,77100,1,25.5w,1.5w,"6,710",669,"1,310",0,,,,,,,
262812264,low,make_up,77100,3,2.3w,"1,925",742,26,47,1,,,,,,,
262812264,low,make_up,77100,3,263,10,2,5,0,0,,,,,,,
262812264,low,make_up,77100,5,109.0w,1.9w,"8,107",570,"1,043",0,,,,,,,
262812264,low,make_up,77100,1,"7,423",132,35,6,8,0,,,,,,,
262812264,low,make_up,77100,1,248,17,2,2,0,0,,,,,,,
262812264,low,make_up,77100,3,131,10,0,1,0,0,,,,,,,
262812264,low,make_up,77100,1,233,58,9,49,80,0,,,,,,,
800353102,low,make_up,70200,1,20.1w,"7,260","8,616",60,272,0,"视频报价历史报价
达人报价
1.2w
CPE
2.59
CPM
202.51
图文报价历史报价
达人报价
7,000
CPE
0.00
CPM
0.00",1.2w 2.59 202.51 7000 0.00 0.00,,,,,
800353102,low,make_up,70200,1,848,22,17,4,9,0,,,,,,,
800353102,low,make_up,70200,1,243,8,3,2,0,0,,,,,,,
800353102,low,make_up,70200,5,"2,879",624,596,12,7,1,,,,,,,
800353102,low,make_up,70200,1,78.5w,3.0w,2.7w,110,"1,112",0,,,,,,,
800353102,low,make_up,70200,1,503,9,2,2,0,0,,,,,,,
800353102,low,make_up,70200,1,515,6,2,0,0,0,,,,,,,
800353102,low,make_up,70200,1,451,36,2,0,1,0,,,,,,,
800353102,low,make_up,70200,1,"1,586",93,73,3,1,0,,,,,,,
800353102,low,make_up,70200,1,2.7w,"1,932","1,399",13,85,0,,,,,,,
Light_yxtkb,low,make_up,24300,3,"1,322",43,38,11,7,1,"视频报价历史报价
达人报价
3,000
CPE
0.00
CPM
0.00
图文报价历史报价
达人报价
3,300
CPE
1.66
CPM
239.55",3000 0.00 0.00 3300 1.66 239.55,,,,,
Light_yxtkb,low,make_up,24300,1,934,34,30,8,3,1,,,,,,,
Light_yxtkb,low,make_up,24300,1,"1,531",58,48,15,3,1,,,,,,,
Light_yxtkb,low,make_up,24300,1,"3,351",150,123,19,7,1,,,,,,,
Light_yxtkb,low,make_up,24300,1,"1,426",399,266,38,92,1,,,,,,,
Light_yxtkb,low,make_up,24300,0,"1,457","1,276","1,020",71,142,1,,,,,,,
Light_yxtkb,low,make_up,24300,1,"3,662","1,588","1,235",52,61,1,,,,,,,
Light_yxtkb,low,make_up,24300,1,1.7w,"2,120","1,522",82,179,1,,,,,,,
Light_yxtkb,low,make_up,24300,0,"1,982",125,180,40,13,1,,,,,,,
Light_yxtkb,low,make_up,24300,1,"4,979",562,555,39,57,1,,,,,,,
638217797,low,make_up,13400,1,"1,615",73,30,31,3,0,"视频报价历史报价
达人报价
1,200
CPE
0.11
CPM
8.06
图文报价历史报价
达人报价
900
CPE
0.00
CPM
0.00",1200 0.11 8.06 900 0.00 0.00,,,,,
638217797,low,make_up,13400,0,359,27,10,0,0,1,,,,,,,
638217797,low,make_up,13400,1,"7,979",39,19,0,0,1,,,,,,,
638217797,low,make_up,13400,0,"1,314",32,15,2,1,1,,,,,,,
638217797,low,make_up,13400,0,"6,350",10,3,8,0,1,,,,,,,
638217797,low,make_up,13400,0,129.6w,5.3w,4.4w,444,"2,979",1,,,,,,,
638217797,low,make_up,13400,1,15.4w,"4,903","6,753",90,162,1,,,,,,,
638217797,low,make_up,13400,3,"1,300",4,1,0,0,1,,,,,,,
638217797,low,make_up,13400,1,"5,547",347,206,3,4,1,,,,,,,
638217797,low,make_up,13400,0,1.4w,514,607,30,17,0,,,,,,,
465319795,low,make_up,92300,3,"2,056",60,105,0,16,0,,,,,,,
465319795,low,make_up,92300,1,6.9w,"2,811","3,560",8,297,0,"视频报价历史报价
达人报价
6,800
CPE
1.02
CPM
84.12
图文报价历史报价
达人报价
5,200
CPE
0.00
CPM
0.00",6800 1.02 84.12 5200 0.00 0.00,,,,,
465319795,low,make_up,92300,1,47.1w,1.0w,2.9w,30,"3,445",0,,,,,,,
465319795,low,make_up,92300,3,912,35,41,0,6,0,,,,,,,
465319795,low,make_up,92300,0,"1,783",50,106,0,11,0,,,,,,,
465319795,low,make_up,92300,1,16.8w,"5,104","7,522",169,"1,357",1,,,,,,,
465319795,low,make_up,92300,3,"9,469",355,296,27,22,0,,,,,,,
465319795,low,make_up,92300,0,"4,368",157,247,0,20,0,,,,,,,
465319795,low,make_up,92300,0,"1,478",71,39,18,59,0,,,,,,,
465319795,low,make_up,92300,0,683,20,24,1,7,0,,,,,,,
jgai001,high,job_hunting,98800,0,"1,289",53,60,0,7,1,"视频报价历史报价
达人报价
2.0w
CPE
0.47
CPM
40.98
图文报价历史报价
达人报价
1.6w
CPE
57.76
CPM
5522.95",2.0w 8.00 543.93 1.9w 0.00 0.00,,,,,
jgai001,high,job_hunting,98800,1,"2,897",179,96,2,6,0,,,,,,,
jgai001,high,job_hunting,98800,3,345.2w,15.8w,16.9w,"1,034",1.1w,0,,,,,,,
jgai001,high,job_hunting,98800,3,2.8w,"1,228","1,271",43,257,1,,,,,,,
jgai001,high,job_hunting,98800,3,"2,932",52,42,6,29,1,,,,,,,
jgai001,high,job_hunting,98800,1,41.0w,"6,351","3,428",509,390,1,,,,,,,
jgai001,high,job_hunting,98800,1,718,71,62,2,13,0,,,,,,,
jgai001,high,job_hunting,98800,0,"7,795",344,93,7,21,1,,,,,,,
jgai001,high,job_hunting,98800,3,"2,109",70,112,0,13,0,,,,,,,
jgai001,high,job_hunting,98800,1,209,30,12,5,10,0,,,,,,,
xxxxlxxxx,high,job_hunting,91700,5,"5,882",374,39,33,22,1,"视频报价历史报价
达人报价
2.0w
CPE
8.00
CPM
543.93
图文报价历史报价
达人报价
1.9w
CPE
0.00
CPM
0.00",1.5w 0.00 0.00 1.0w 1.59 123.25,,,,,
xxxxlxxxx,high,job_hunting,91700,1,1.1w,681,38,59,62,0,,,,,,,
xxxxlxxxx,high,job_hunting,91700,3,"5,999",269,33,35,55,1,,,,,,,
xxxxlxxxx,high,job_hunting,91700,5,684,76,16,10,9,1,,,,,,,
xxxxlxxxx,high,job_hunting,91700,3,"1,002",67,8,5,3,1,,,,,,,
xxxxlxxxx,high,job_hunting,91700,3,"8,684",344,56,24,14,1,,,,,,,
xxxxlxxxx,high,job_hunting,91700,0,1.4w,472,61,44,20,1,,,,,,,
xxxxlxxxx,high,job_hunting,91700,0,2.8w,"1,736",95,106,192,0,,,,,,,
xxxxlxxxx,high,job_hunting,91700,1,"9,229",474,79,100,14,1,,,,,,,
xxxxlxxxx,high,job_hunting,91700,3,4.5w,"2,690",159,333,171,0,,,,,,,
983975704,high,job_hunting,62600,3,7.6w,"5,041","1,433",9,68,1,"视频报价历史报价
达人报价
1.5w
CPE
0.00
CPM
0.00
图文报价历史报价
达人报价
1.0w
CPE
1.59
CPM
123.25",3000 0.64 49.50 3000 0.00 0.00,,,,,
983975704,high,job_hunting,62600,3,1.9w,"5,450","1,351",9,33,,,,,,,,
983975704,high,job_hunting,62600,5,20.6w,1.2w,"2,731",161,160,1,,,,,,,
983975704,high,job_hunting,62600,3,4.4w,"1,039",108,1,19,1,,,,,,,
983975704,high,job_hunting,62600,1,5.5w,"2,200",946,"4,480",31,0,,,,,,,
983975704,high,job_hunting,62600,3,"8,286","1,812",141,14,8,1,,,,,,,
983975704,high,job_hunting,62600,3,4.9w,"1,342",215,6,12,1,,,,,,,
983975704,high,job_hunting,62600,3,31.3w,"2,748",737,85,55,1,,,,,,,
983975704,high,job_hunting,62600,3,3.5w,"1,431",176,1,14,1,,,,,,,
983975704,high,job_hunting,62600,3,3.3w,"7,746","1,941",287,68,1,,,,,,,
Evenbetter001,high,job_hunting,48400,3,"8,627",487,259,10,34,0,"视频报价历史报价
达人报价
3,000
CPE
0.64
CPM
49.50
图文报价历史报价
达人报价
3,000
CPE
0.00
CPM
0.00",1.2w 5.76 493.24 9000 0.00 0.00,,,,,
Evenbetter001,high,job_hunting,48400,5,1.1w,538,263,34,78,0,,,,,,,
Evenbetter001,high,job_hunting,48400,5,1.9w,916,652,25,107,0,,,,,,,
Evenbetter001,high,job_hunting,48400,3,1.6w,743,489,19,106,0,,,,,,,
Evenbetter001,high,job_hunting,48400,5,38.0w,1.9w,1.1w,413,"2,355",0,,,,,,,
Evenbetter001,high,job_hunting,48400,3,3.8w,"1,828","1,007",100,218,0,,,,,,,
Evenbetter001,high,job_hunting,48400,3,2.2w,952,851,42,123,0,,,,,,,
Evenbetter001,high,job_hunting,48400,5,245,14,8,0,1,0,,,,,,,
Evenbetter001,high,job_hunting,48400,3,5.0w,"1,389",647,270,621,0,,,,,,,
Evenbetter001,high,job_hunting,48400,3,"3,627",187,59,17,34,0,,,,,,,
8218938202,high,job_hunting,62500,5,374,20,17,1,0,0,"视频报价历史报价
达人报价
1.2w
CPE
5.76
CPM
493.24
图文报价历史报价
达人报价
9,000
CPE
0.00
CPM
0.00",1.2w 5.76 493.24 9000 0.00 0.00,,,,,
8218938202,high,job_hunting,62500,3,2.1w,596,738,63,197,0,,,,,,,
8218938202,high,job_hunting,62500,5,1.6w,906,304,70,65,0,,,,,,,
8218938202,high,job_hunting,62500,5,3.6w,"1,244",219,438,243,0,,,,,,,
8218938202,high,job_hunting,62500,1,"3,852",144,159,17,16,1,,,,,,,
8218938202,high,job_hunting,62500,3,6.5w,"2,435","2,821",87,404,0,,,,,,,
8218938202,high,job_hunting,62500,3,1.3w,534,262,143,43,0,,,,,,,
8218938202,high,job_hunting,62500,3,"8,751",425,212,51,33,1,,,,,,,
8218938202,high,job_hunting,62500,0,"8,002",622,296,4,13,1,,,,,,,
8218938202,high,job_hunting,62500,0,7.1w,"4,658","3,299",64,279,1,,,,,,,
zoeygou0317,high,job_hunting,58200,3,381,20,4,0,4,0,"视频报价历史报价
达人报价
6,500
CPE
1.25
CPM
125.85
图文报价历史报价
达人报价
6,500
CPE
0.00
CPM
0.00",6500 1.25 125.85 6500 0.00 0.00,,,,,
zoeygou0317,high,job_hunting,58200,0,"2,590",142,68,15,4,0,,,,,,,
zoeygou0317,high,job_hunting,58200,5,"4,186",338,19,15,4,0,,,,,,,
zoeygou0317,high,job_hunting,58200,5,4.5w,"1,757","2,722",14,108,0,,,,,,,
zoeygou0317,high,job_hunting,58200,5,40.1w,2.0w,2.0w,69,693,0,,,,,,,
zoeygou0317,high,job_hunting,58200,5,"1,864",134,39,1,4,0,,,,,,,
zoeygou0317,high,job_hunting,58200,5,"2,084",79,63,15,9,0,,,,,,,
zoeygou0317,high,job_hunting,58200,5,"5,991",352,217,7,11,0,,,,,,,
zoeygou0317,high,job_hunting,58200,5,"2,249",99,94,1,12,0,,,,,,,
zoeygou0317,high,job_hunting,58200,3,2987,142,46,27,35,0,,,,,,,
113397425,high,job_hunting,82100,3,"4,649",900,314,7,13,1,"视频报价历史报价
达人报价
7,900
CPE
2.94
CPM
284.64
图文报价历史报价
达人报价
6,330
CPE
0.00
CPM
0.00",7900 2.94 284.64 6330 0.00 0.00,,,,,
113397425,high,job_hunting,82100,3,11.7w,"7,054","4,299",74,198,0,,,,,,,
113397425,high,job_hunting,82100,1,13.1w,"8,395","4,286",125,157,0,,,,,,,
113397425,high,job_hunting,82100,3,"2,672",123,118,4,9,0,,,,,,,
113397425,high,job_hunting,82100,1,3.7w,"2,045","1,114",147,70,0,,,,,,,
113397425,high,job_hunting,82100,5,3.4w,"1,968","1,360",17,55,0,,,,,,,
113397425,high,job_hunting,82100,3,2.1w,"1,101",954,17,36,0,,,,,,,
113397425,high,job_hunting,82100,3,"3,445",241,33,1,4,1,,,,,,,
113397425,high,job_hunting,82100,0,"3,830",194,165,3,11,0,,,,,,,
113397425,high,job_hunting,82100,1,"4,091",299,93,3,5,0,,,,,,,
275433795,high,job_hunting,86500,0,1.5w,652,784,9,50,1,"视频报价历史报价
达人报价
1.5w
CPE
3.76
CPM
358.82
图文报价历史报价
达人报价
1.0w
CPE
0.00
CPM
0.00",1.5w 3.76 358.82 1.0w 0.00 0.00,,,,,
275433795,high,job_hunting,86500,1,1.2w,458,616,11,60,1,,,,,,,
275433795,high,job_hunting,86500,1,1.5w,814,659,5,26,1,,,,,,,
275433795,high,job_hunting,86500,3,1.1w,604,517,7,21,1,,,,,,,
275433795,high,job_hunting,86500,1,"3,362",183,116,6,10,1,,,,,,,
275433795,high,job_hunting,86500,3,20.1w,"9,965","9,391",53,541,1,,,,,,,
275433795,high,job_hunting,86500,1,3.5w,"1,386","1,632",27,182,1,,,,,,,
275433795,high,job_hunting,86500,5,"5,882",374,39,33,22,1,,,,,,,
275433795,high,job_hunting,86500,1,1.1w,681,38,59,62,0,,,,,,,
275433795,high,job_hunting,86500,3,"5,999",269,33,35,55,1,,,,,,,
277338406,high,job_hunting,91200,5,"1,657",65,27,18,7,1,"视频报价历史报价
达人报价
3.5w
CPE
15.46
CPM
987.94
图文报价历史报价
达人报价
2.8w
CPE
19.46
CPM
1227.37",3.5w 15.46 987.94 2.8w 19.46 1227.37,,,,,
277338406,high,job_hunting,91200,3,"4,705",176,83,43,18,0,,,,,,,
277338406,high,job_hunting,91200,1,"4,300",638,525,32,28,1,,,,,,,
277338406,high,job_hunting,91200,3,10.6w,"5,469","4,277",76,306,0,,,,,,,
277338406,high,job_hunting,91200,1,"6,109",591,540,60,41,0,,,,,,,
277338406,high,job_hunting,91200,0,11.3w,"1,391",326,414,64,0,,,,,,,
277338406,high,job_hunting,91200,3,"5,746",400,193,60,22,0,,,,,,,
277338406,high,job_hunting,91200,5,"7,601",487,456,17,30,0,,,,,,,
277338406,high,job_hunting,91200,3,4.0w,"1,703",467,79,52,0,,,,,,,
277338406,high,job_hunting,91200,3,"6,698",365,178,19,19,0,,,,,,,
9092323647,high,job_hunting,40600,1,1.4w,547,446,23,114,0,"视频报价历史报价
达人报价
1,000
CPE
0.00
CPM
0.00
图文报价历史报价
达人报价
2,200
CPE
1.16
CPM
189.96",1000 0.00 0.00 2200 1.16 189.96,,,,,
9092323647,high,job_hunting,40600,1,1.5w,"2,386","1,699",12,273,1,,,,,,,
9092323647,high,job_hunting,40600,1,"4,259",199,112,9,29,0,,,,,,,
9092323647,high,job_hunting,40600,1,1.8w,"2,517","1,791",32,305,1,,,,,,,
9092323647,high,job_hunting,40600,3,"4,992",541,349,2,56,0,,,,,,,
9092323647,high,job_hunting,40600,1,3.2w,"2,174",927,7,121,1,,,,,,,
9092323647,high,job_hunting,40600,1,"2,815",137,75,0,26,0,,,,,,,
9092323647,high,job_hunting,40600,3,"2,890",144,74,6,39,1,,,,,,,
9092323647,high,job_hunting,40600,1,"4,331",270,151,22,45,0,,,,,,,
9092323647,high,job_hunting,40600,1,1.8w,"2,558","1,721",18,218,1,,,,,,,
1141452114,high,study,31200,3,7.0w,"4,856",329,48,59,1,"视频报价历史报价
达人报价
1.0w
CPE
12.73
CPM
1032.95
图文报价历史报价
达人报价
8,000
CPE
3.48
CPM
126.77",1.0w 12.73 1032.95 8000 3.48 126.77,,,,,
1141452114,high,study,31200,0,"4,355",335,18,21,5,0,,,,,,,
1141452114,high,study,31200,1,"6,792",535,31,21,13,0,,,,,,,
1141452114,high,study,31200,3,"6,523",490,47,23,13,0,,,,,,,
1141452114,high,study,31200,0,1.8w,"1,271",83,45,70,0,,,,,,,
1141452114,high,study,31200,0,11.3w,796,245,35,97,0,,,,,,,
1141452114,high,study,31200,1,"6,792",535,31,21,13,0,,,,,,,
1141452114,high,study,31200,3,"6,523",490,47,23,13,1,,,,,,,
1141452114,high,study,31200,0,1.4w,271,59,69,70,1,,,,,,,
1141452114,high,study,31200,0,1.3w,96,45,35,97,0,,,,,,,
3480333079,high,study,82000,0,"2,141",729,542,15,8,1,"视频报价历史报价
达人报价
9,500
CPE
2.90
CPM
239.13
图文报价历史报价
达人报价
9,500
CPE
0.00
CPM
0.00",9500 2.90 239.13 9500 0.00 0.00,,,,,
3480333079,high,study,82000,3,"8,804","1,099",900,8,3,1,,,,,,,
3480333079,high,study,82000,3,20.7w,1.3w,673,61,"1,817",1,,,,,,,
3480333079,high,study,82000,1,"2,435",108,152,0,2,0,,,,,,,
3480333079,high,study,82000,0,1.4w,"1,044",725,20,3,0,,,,,,,
3480333079,high,study,82000,3,"6,515",382,250,15,3,1,,,,,,,
3480333079,high,study,82000,3,10.7w,5735,576,61,"1,81",1,,,,,,,
3480333079,high,study,82000,1,"2,496",145,112,9,7,0,,,,,,,
3480333079,high,study,82000,0,1.3w,"1,451",555,17,4,0,,,,,,,
3480333079,high,study,82000,3,"6,177",282,270,19,5,1,,,,,,,
butter3o3,high,study,64800,3,8.2w,"4,924",549,306,500,0,"视频报价历史报价
达人报价
1.2w
CPE
4.53
CPM
483.25
图文报价历史报价
达人报价
1.0w
CPE
0.00
CPM
0.00",1.2w 4.53 483.25 1.0w 0.00 0.00,,,,,
butter3o3,high,study,64800,3,"4,123",291,12,29,6,0,,,,,,,
butter3o3,high,study,64800,1,"2,257",106,13,32,4,0,,,,,,,
butter3o3,high,study,64800,0,"7,178",433,127,28,25,0,,,,,,,
butter3o3,high,study,64800,0,2.9w,"3,824","2,498",106,313,1,,,,,,,
butter3o3,high,study,64800,3,7.2w,"4,924",549,306,500,0,,,,,,,
butter3o3,high,study,64800,3,"3,123",291,12,29,6,0,,,,,,,
butter3o3,high,study,64800,1,"2,791",123,27,31,9,0,,,,,,,
butter3o3,high,study,64800,0,"6,178",331,147,25,21,0,,,,,,,
butter3o3,high,study,64800,0,2.4w,"3,24","2,098",106,297,1,,,,,,,
107199492,high,study,25500,3,"1,530",98,10,13,2,1,"视频报价历史报价
达人报价
4,500
CPE
3.80
CPM
362.30
图文报价历史报价
达人报价
3,800
CPE
0.00
CPM
0.00
我是达人，申请修改报价


低于100%同层达人，低于100%同类达人",4500 3.80 362.30 3800 0.00 0.00,,,,,
107199492,high,study,25500,1,"3,673",328,53,15,7,0,,,,,,,
107199492,high,study,25500,0,1.9w,"2,568",251,15,18,1,,,,,,,
107199492,high,study,25500,3,"3,637",456,38,18,4,0,,,,,,,
107199492,high,study,25500,3,"5,420",583,65,16,8,0,,,,,,,
107199492,high,study,25500,0,"2,546",219,20,7,2,0,,,,,,,
107199492,high,study,25500,0,1.6w,"1,412",159,15,24,0,,,,,,,
107199492,high,study,25500,5,"5,497",623,66,8,15,0,,,,,,,
107199492,high,study,25500,5,5.5w,"3,266",303,30,59,1,,,,,,,
107199492,high,study,25500,0,"2,123",119,29,8,12,0,,,,,,,
119383142,high,study,11600,1,"1,599",88,43,2,8,0,"视频报价历史报价
达人报价
3,090
CPE
10.92
CPM
1044.62
图文报价历史报价
达人报价
1,000
CPE
0.14
CPM
12.53",3090 10.92 1044.62 1000 0.14 12.53,,,,,
119383142,high,study,11600,1,3.7w,"2,123","1,119",27,154,0,,,,,,,
119383142,high,study,11600,5,9.6w,"5,512","3,269",69,294,0,,,,,,,
119383142,high,study,11600,5,"2,958",278,3,2,1,0,,,,,,,
119383142,high,study,11600,1,"2,486",50,12,2,3,1,,,,,,,
119383142,high,study,11600,5,62.1w,3.7w,2.0w,576,"1,724",0,,,,,,,
119383142,high,study,11600,5,1.7w,"1,050",356,58,46,0,,,,,,,
119383142,high,study,11600,5,"3,813",119,24,42,4,1,,,,,,,
119383142,high,study,11600,5,7.2w,"4,679","1,698",120,181,0,,,,,,,
119383142,high,study,11600,1,8,5,2,0,0,0,,,,,,,
106946230,high,study,35500,0,"1,570",83,11,11,7,1,"视频报价历史报价
达人报价
6,999
CPE
3.00
CPM
246.25
图文报价历史报价
达人报价
4,999
CPE
70.41
CPM
5451.47",6999 3.00 246.25 4999 70.41 5451.47,,,,,
106946230,high,study,35500,3,3.9w,"1,559",963,54,379,0,,,,,,,
106946230,high,study,35500,1,"1,624",106,15,7,6,0,,,,,,,
106946230,high,study,35500,3,"3,022",175,77,7,11,0,,,,,,,
106946230,high,study,35500,1,785,51,24,1,1,0,,,,,,,
106946230,high,study,35500,1,917,56,6,9,1,0,,,,,,,
106946230,high,study,35500,1,"2,064",88,54,10,12,0,,,,,,,
106946230,high,study,35500,1,"2,041",84,77,4,12,0,,,,,,,
106946230,high,study,35500,3,"2,031",107,69,4,7,0,,,,,,,
106946230,high,study,35500,3,26.3w,1.2w,1.1w,92,"1,350",0,,,,,,,
liudianyi,high,study,78100,3,"4,398",371,18,6,8,0,"视频报价历史报价
达人报价
1.0w
CPE
5.61
CPM
504.78
图文报价历史报价
达人报价
7,000
CPE
5.09
CPM
541.44",1.0w 5.61 504.78 7000 5.09 541.44,,,,,
liudianyi,high,study,78100,5,1.4w,"1,025",130,49,19,0,,,,,,,
liudianyi,high,study,78100,3,"9,668",811,23,29,10,0,,,,,,,
liudianyi,high,study,78100,1,1.2w,935,63,44,11,0,,,,,,,
liudianyi,high,study,78100,1,"5,161",403,13,30,2,0,,,,,,,
liudianyi,high,study,78100,0,2.2w,"1,830",178,28,26,0,,,,,,,
liudianyi,high,study,78100,0,"7,567",635,28,22,6,0,,,,,,,
liudianyi,high,study,78100,1,2.7w,"2,246",153,50,25,0,,,,,,,
liudianyi,high,study,78100,5,3.2w,"2,610",235,77,25,0,,,,,,,
liudianyi,high,study,78100,3,1.5w,"1,198",84,42,18,0,,,,,,,
982387524,high,study,99100,1,2.0w,"1,206",778,39,1,0,"视频报价历史报价
达人报价
1.8w
CPE
6.07
CPM
521.46
图文报价历史报价
达人报价
1.5w
CPE
0.00
CPM
0.00",1.8w 6.07 521.46 1.5w 0.00 0.00,,,,,
982387524,high,study,99100,5,"1,771",945,363,55,7,1,,,,,,,
982387524,high,study,99100,3,"3,255",199,131,1,3,0,,,,,,,
982387524,high,study,99100,3,"3,490",786,330,40,0,1,,,,,,,
982387524,high,study,99100,3,"4,898","1,141",109,55,2,1,,,,,,,
982387524,high,study,99100,1,4.4w,"1,680","1,065",84,2,1,,,,,,,
982387524,high,study,99100,1,15.0w,"9,885","2,070",259,682,0,,,,,,,
982387524,high,study,99100,1,8.8w,"5,938","1,203",220,317,0,,,,,,,
982387524,high,study,99100,3,"8,497",365,529,7,5,0,,,,,,,
982387524,high,study,99100,0,4.1w,"3,425",605,41,8,0,,,,,,,
lofisuchat,high,study,19200,1,268,16,4,0,2,1,"视频报价历史报价
达人报价
1.0w
CPE
181.82
CPM
3570.79
图文报价历史报价
达人报价
6,000
CPE
4.64
CPM
259.91",1.0w 181.82 3570.79 6000 4.64 259.91,,,,,
lofisuchat,high,study,19200,0,1.4w,569,258,34,143,0,,,,,,,
lofisuchat,high,study,19200,3,3.8w,"1,538",638,288,245,0,,,,,,,
lofisuchat,high,study,19200,5,"1,452",90,7,9,6,0,,,,,,,
lofisuchat,high,study,19200,0,689,37,33,1,8,1,,,,,,,
lofisuchat,high,study,19200,3,5.6w,904,103,85,"1,210",0,,,,,,,
lofisuchat,high,study,19200,1,1.1w,137,78,37,33,1,,,,,,,
lofisuchat,high,study,19200,1,"3,487",116,60,5,9,1,,,,,,,
lofisuchat,high,study,19200,5,7.0w,"3,207","1,963",128,793,0,,,,,,,
lofisuchat,high,study,19200,1,1.3w,"1,014",226,74,26,0,,,,,,,
152386536,high,study,90000,3,"2,637",172,15,20,5,0,"视频报价历史报价
达人报价
1.6w
CPE
11.87
CPM
987.14
图文报价历史报价
达人报价
1.2w
CPE
18.77
CPM
1224.40",1.6w 11.87 987.14 1.2w 18.77 1224.40,,,,,
152386536,high,study,90000,0,"4,990",335,53,23,13,0,,,,,,,
152386536,high,study,90000,3,"8,449",582,56,36,28,0,,,,,,,
152386536,high,study,90000,3,"3,854",200,7,31,24,0,,,,,,,
152386536,high,study,90000,1,"6,035","1,130",978,14,5,1,,,,,,,
152386536,high,study,90000,3,1.1w,"1,113",600,24,19,0,,,,,,,
152386536,high,study,90000,0,1.1w,506,28,26,58,0,,,,,,,
152386536,high,study,90000,1,1.4w,349,29,34,19,0,,,,,,,
152386536,high,study,90000,3,1.2w,"1,262",396,28,11,0,,,,,,,
152386536,high,study,90000,1,1.3w,329,37,19,25,0,,,,,,,
